Complex,Simple
/Adult,Education
/Arts & Entertainment/Celebrities & Entertainment News,Education
/Arts & Entertainment/Other,Education
/Arts & Entertainment/Comics & Animation/Anime & Manga,Education
/Arts & Entertainment/Comics & Animation/Cartoons,Education
/Arts & Entertainment/Comics & Animation/Comics,Education
/Arts & Entertainment/Comics & Animation/Other,Education
/Arts & Entertainment/Entertainment Industry/Film & TV Industry,Education
/Arts & Entertainment/Entertainment Industry/Recording Industry,Education
/Arts & Entertainment/Entertainment Industry/Other,Education
/Arts & Entertainment/Events & Listings/Bars Clubs & Nightlife,Trade
/Arts & Entertainment/Events & Listings/Concerts & Music Festivals,Education
/Arts & Entertainment/Events & Listings/Event Ticket Sales,Trade
/Arts & Entertainment/Events & Listings/Expos & Conventions,Trade
/Arts & Entertainment/Events & Listings/Film Festivals,Education
/Arts & Entertainment/Events & Listings/Food & Beverage Events,Social Welfare
/Arts & Entertainment/Events & Listings/Live Sporting Events,Healthcare
/Arts & Entertainment/Events & Listings/Movie Listings & Theater Showtimes,Education
/Arts & Entertainment/Events & Listings/Other,Education
/Arts & Entertainment/Fun & Trivia/Flash-Based Entertainment,Technology
/Arts & Entertainment/Fun & Trivia/Fun Tests & Silly Surveys,Education
/Arts & Entertainment/Fun & Trivia/Other,Education
/Arts & Entertainment/Humor/Funny Pictures & Videos,Education
/Arts & Entertainment/Humor/Live Comedy,Education
/Arts & Entertainment/Humor/Political Humor,Education
/Arts & Entertainment/Humor/Spoofs & Satire,Education
/Arts & Entertainment/Humor/Other,Education
/Arts & Entertainment/Movies/Action & Adventure Films,Education
/Arts & Entertainment/Movies/Animated Films,Education
/Arts & Entertainment/Movies/Bollywood & South Asian Films,Education
/Arts & Entertainment/Movies/Classic Films,Education
/Arts & Entertainment/Movies/Comedy Films,Education
/Arts & Entertainment/Movies/Cult & Indie Films,Education
/Arts & Entertainment/Movies/Documentary Films,Education
/Arts & Entertainment/Movies/Drama Films,Education
/Arts & Entertainment/Movies/DVD & Video Shopping,Education
/Arts & Entertainment/Movies/Family Films,Education
/Arts & Entertainment/Movies/Horror Films,Healthcare
/Arts & Entertainment/Movies/Movie Memorabilia,Education
/Arts & Entertainment/Movies/Movie Reference,Education
/Arts & Entertainment/Movies/Musical Films,Education
/Arts & Entertainment/Movies/Romance Films,Education
/Arts & Entertainment/Movies/Science Fiction & Fantasy Films,Education
/Arts & Entertainment/Movies/Thriller Crime & Mystery Films,Education
/Arts & Entertainment/Movies/Other,Education
/Arts & Entertainment/Music & Audio/CD & Audio Shopping,Education
/Arts & Entertainment/Music & Audio/Classical Music,Education
/Arts & Entertainment/Music & Audio/Country Music,Education
/Arts & Entertainment/Music & Audio/Dance & Electronic Music,Education
/Arts & Entertainment/Music & Audio/Experimental & Industrial Music,Technology
/Arts & Entertainment/Music & Audio/Folk & Traditional Music,Education
/Arts & Entertainment/Music & Audio/Jazz & Blues,Education
/Arts & Entertainment/Music & Audio/Music Art & Memorabilia,Education
/Arts & Entertainment/Music & Audio/Music Education & Instruction,Education
/Arts & Entertainment/Music & Audio/Music Equipment & Technology,Technology
/Arts & Entertainment/Music & Audio/Music Reference,Education
/Arts & Entertainment/Music & Audio/Music Streams & Downloads,Education
/Arts & Entertainment/Music & Audio/Music Videos,Education
/Arts & Entertainment/Music & Audio/Podcasts,Education
/Arts & Entertainment/Music & Audio/Pop Music,Education
/Arts & Entertainment/Music & Audio/Radio,Education
/Arts & Entertainment/Music & Audio/Religious Music,Education
/Arts & Entertainment/Music & Audio/Rock Music,Education
/Arts & Entertainment/Music & Audio/Soundtracks,Education
/Arts & Entertainment/Music & Audio/Urban & Hip-Hop,Education
/Arts & Entertainment/Music & Audio/Vocals & Show Tunes,Education
/Arts & Entertainment/Music & Audio/World Music,Education
/Arts & Entertainment/Music & Audio/Other,Education
/Arts & Entertainment/Offbeat/Occult & Paranormal,Energy
/Arts & Entertainment/Offbeat/Other,Education
/Arts & Entertainment/Online Media/Online Image Galleries,Technology
/Arts & Entertainment/Online Media/Virtual Tours,Education
/Arts & Entertainment/Online Media/Other,Education
/Arts & Entertainment/Performing Arts/Acting & Theater,Education
/Arts & Entertainment/Performing Arts/Broadway & Musical Theater,Education
/Arts & Entertainment/Performing Arts/Circus,Education
/Arts & Entertainment/Performing Arts/Dance,Education
/Arts & Entertainment/Performing Arts/Magic,Education
/Arts & Entertainment/Performing Arts/Opera,Education
/Arts & Entertainment/Performing Arts/Other,Education
/Arts & Entertainment/TV & Video/Online Video,Education
/Arts & Entertainment/TV & Video/TV Commercials,Education
/Arts & Entertainment/TV & Video/TV Guides & Reference,Education
/Arts & Entertainment/TV & Video/TV Networks & Stations,Education
/Arts & Entertainment/TV & Video/TV Shows & Programs,Education
/Arts & Entertainment/TV & Video/Other,Education
/Arts & Entertainment/Visual Art & Design/Architecture,Education
/Arts & Entertainment/Visual Art & Design/Art Museums & Galleries,Education
/Arts & Entertainment/Visual Art & Design/Design,Education
/Arts & Entertainment/Visual Art & Design/Painting,Education
/Arts & Entertainment/Visual Art & Design/Photographic & Digital Arts,Education
/Arts & Entertainment/Visual Art & Design/Sculpture,Education
/Arts & Entertainment/Visual Art & Design/Visual Arts & Design Education,Education
/Arts & Entertainment/Visual Art & Design/Other,Education
/Autos & Vehicles/Other,Transportation
/Autos & Vehicles/Bicycles & Accessories/Bike Accessories,Transportation
/Autos & Vehicles/Bicycles & Accessories/Bike Frames,Transportation
/Autos & Vehicles/Bicycles & Accessories/Bike Helmets & Protective Gear,Transportation
/Autos & Vehicles/Bicycles & Accessories/Bike Parts & Repair,Transportation
/Autos & Vehicles/Bicycles & Accessories/BMX Bikes,Transportation
/Autos & Vehicles/Bicycles & Accessories/Cruiser Bicycles,Transportation
/Autos & Vehicles/Bicycles & Accessories/Electric Bicycles,Transportation
/Autos & Vehicles/Bicycles & Accessories/Kids' Bikes,Transportation
/Autos & Vehicles/Bicycles & Accessories/Mountain Bikes,Transportation
/Autos & Vehicles/Bicycles & Accessories/Road Bikes,Transportation
/Autos & Vehicles/Bicycles & Accessories/Other,Transportation
/Autos & Vehicles/Boats & Watercraft,Transportation
/Autos & Vehicles/Campers & RVs,Transportation
/Autos & Vehicles/Classic Vehicles,Transportation
/Autos & Vehicles/Commercial Vehicles/Cargo Trucks & Trailers,Transportation
/Autos & Vehicles/Commercial Vehicles/Other,Transportation
/Autos & Vehicles/Custom & Performance Vehicles,Transportation
/Autos & Vehicles/Motor Vehicles (By Brand)/Audi,Taxation
/Autos & Vehicles/Motor Vehicles (By Brand)/Bentley,Transportation
/Autos & Vehicles/Motor Vehicles (By Brand)/BMW,Taxation
/Autos & Vehicles/Motor Vehicles (By Brand)/Buick,Taxation
/Autos & Vehicles/Motor Vehicles (By Brand)/Cadillac,Transportation
/Autos & Vehicles/Motor Vehicles (By Brand)/Chevrolet,Transportation
/Autos & Vehicles/Motor Vehicles (By Brand)/Chrysler,Taxation
/Autos & Vehicles/Motor Vehicles (By Brand)/CitroÃ«n,Transportation
/Autos & Vehicles/Motor Vehicles (By Brand)/Daewoo Motors,Transportation
/Autos & Vehicles/Motor Vehicles (By Brand)/Dodge,Transportation
/Autos & Vehicles/Motor Vehicles (By Brand)/Ferrari,Taxation
/Autos & Vehicles/Motor Vehicles (By Brand)/Fiat,Taxation
/Autos & Vehicles/Motor Vehicles (By Brand)/Ford,Transportation
/Autos & Vehicles/Motor Vehicles (By Brand)/GMC,Transportation
/Autos & Vehicles/Motor Vehicles (By Brand)/Honda,Transportation
/Autos & Vehicles/Motor Vehicles (By Brand)/Hummer,Transportation
/Autos & Vehicles/Motor Vehicles (By Brand)/Hyundai,Transportation
/Autos & Vehicles/Motor Vehicles (By Brand)/Isuzu,Transportation
/Autos & Vehicles/Motor Vehicles (By Brand)/Jaguar,Taxation
/Autos & Vehicles/Motor Vehicles (By Brand)/Jeep,Transportation
/Autos & Vehicles/Motor Vehicles (By Brand)/Kia,Transportation
/Autos & Vehicles/Motor Vehicles (By Brand)/Lamborghini,Economy
/Autos & Vehicles/Motor Vehicles (By Brand)/Land Rover,Transportation
/Autos & Vehicles/Motor Vehicles (By Brand)/Lincoln,Transportation
/Autos & Vehicles/Motor Vehicles (By Brand)/Maserati,Transportation
/Autos & Vehicles/Motor Vehicles (By Brand)/Mazda,Transportation
/Autos & Vehicles/Motor Vehicles (By Brand)/Mercedes-Benz,Transportation
/Autos & Vehicles/Motor Vehicles (By Brand)/Mercury,Transportation
/Autos & Vehicles/Motor Vehicles (By Brand)/Mini,Transportation
/Autos & Vehicles/Motor Vehicles (By Brand)/Mitsubishi,Taxation
/Autos & Vehicles/Motor Vehicles (By Brand)/Nissan,Transportation
/Autos & Vehicles/Motor Vehicles (By Brand)/Peugeot,Taxation
/Autos & Vehicles/Motor Vehicles (By Brand)/Pontiac,Transportation
/Autos & Vehicles/Motor Vehicles (By Brand)/Porsche,Transportation
/Autos & Vehicles/Motor Vehicles (By Brand)/Ram Trucks,Transportation
/Autos & Vehicles/Motor Vehicles (By Brand)/Renault,Taxation
/Autos & Vehicles/Motor Vehicles (By Brand)/Rolls-Royce,Transportation
/Autos & Vehicles/Motor Vehicles (By Brand)/Saab,Transportation
/Autos & Vehicles/Motor Vehicles (By Brand)/Saturn,Transportation
/Autos & Vehicles/Motor Vehicles (By Brand)/SEAT,Transportation
/Autos & Vehicles/Motor Vehicles (By Brand)/Skoda,Transportation
/Autos & Vehicles/Motor Vehicles (By Brand)/Subaru,Transportation
/Autos & Vehicles/Motor Vehicles (By Brand)/Suzuki,Transportation
/Autos & Vehicles/Motor Vehicles (By Brand)/Tesla Motors,Transportation
/Autos & Vehicles/Motor Vehicles (By Brand)/Toyota,Transportation
/Autos & Vehicles/Motor Vehicles (By Brand)/Vauxhall-Opel,Taxation
/Autos & Vehicles/Motor Vehicles (By Brand)/Volkswagen,Transportation
/Autos & Vehicles/Motor Vehicles (By Brand)/Volvo,Transportation
/Autos & Vehicles/Motor Vehicles (By Brand)/Other,Transportation
/Autos & Vehicles/Motor Vehicles (By Type)/Autonomous Vehicles,Transportation
/Autos & Vehicles/Motor Vehicles (By Type)/Compact Cars,Transportation
/Autos & Vehicles/Motor Vehicles (By Type)/Convertibles,Transportation
/Autos & Vehicles/Motor Vehicles (By Type)/Coupes,Taxation
/Autos & Vehicles/Motor Vehicles (By Type)/Diesel Vehicles,Transportation
/Autos & Vehicles/Motor Vehicles (By Type)/Hatchbacks,Transportation
/Autos & Vehicles/Motor Vehicles (By Type)/Hybrid & Alternative Vehicles,Transportation
/Autos & Vehicles/Motor Vehicles (By Type)/Luxury Vehicles,Transportation
/Autos & Vehicles/Motor Vehicles (By Type)/Microcars & Subcompacts,Transportation
/Autos & Vehicles/Motor Vehicles (By Type)/Motorcycles,Transportation
/Autos & Vehicles/Motor Vehicles (By Type)/Off-Road Vehicles,Transportation
/Autos & Vehicles/Motor Vehicles (By Type)/Scooters & Mopeds,Transportation
/Autos & Vehicles/Motor Vehicles (By Type)/Sedans,Transportation
/Autos & Vehicles/Motor Vehicles (By Type)/Sports Cars,Transportation
/Autos & Vehicles/Motor Vehicles (By Type)/Station Wagons,Transportation
/Autos & Vehicles/Motor Vehicles (By Type)/Trucks Vans & SUVs,Transportation
/Autos & Vehicles/Motor Vehicles (By Type)/Other,Transportation
/Autos & Vehicles/Personal Aircraft,Transportation
/Autos & Vehicles/Vehicle Codes & Driving Laws/Drunk Driving Law,Transportation
/Autos & Vehicles/Vehicle Codes & Driving Laws/Vehicle Licensing & Registration,Transportation
/Autos & Vehicles/Vehicle Codes & Driving Laws/Other,Transportation
/Autos & Vehicles/Vehicle Parts & Services/Gas Prices & Vehicle Fueling,Transportation
/Autos & Vehicles/Vehicle Parts & Services/Towing & Roadside Assistance,Transportation
/Autos & Vehicles/Vehicle Parts & Services/Vehicle Modification & Tuning,Transportation
/Autos & Vehicles/Vehicle Parts & Services/Vehicle Parts & Accessories,Transportation
/Autos & Vehicles/Vehicle Parts & Services/Vehicle Repair & Maintenance,Transportation
/Autos & Vehicles/Vehicle Parts & Services/Other,Transportation
/Autos & Vehicles/Vehicle Shopping/Used Vehicles,Transportation
/Autos & Vehicles/Vehicle Shopping/Vehicle Dealers & Retailers,Transportation
/Autos & Vehicles/Vehicle Shopping/Vehicle Specs Reviews & Comparisons,Transportation
/Autos & Vehicles/Vehicle Shopping/Other,Transportation
/Autos & Vehicles/Vehicle Shows,Transportation
/Beauty & Fitness/Beauty Pageants,Education
/Beauty & Fitness/Other,Healthcare
/Beauty & Fitness/Beauty Services & Spas/Cosmetic Procedures,Healthcare
/Beauty & Fitness/Beauty Services & Spas/Manicures & Pedicures,Healthcare
/Beauty & Fitness/Beauty Services & Spas/Massage Therapy,Healthcare
/Beauty & Fitness/Beauty Services & Spas/Other,Healthcare
/Beauty & Fitness/Body Art,Healthcare
/Beauty & Fitness/Cosmetology & Beauty Professionals,Healthcare
/Beauty & Fitness/Face & Body Care/Clean Beauty,Healthcare
/Beauty & Fitness/Face & Body Care/Hygiene & Toiletries,Healthcare
/Beauty & Fitness/Face & Body Care/Make-Up & Cosmetics,Healthcare
/Beauty & Fitness/Face & Body Care/Perfumes & Fragrances,Healthcare
/Beauty & Fitness/Face & Body Care/Skin & Nail Care,Healthcare
/Beauty & Fitness/Face & Body Care/Sun Care & Tanning Products,Healthcare
/Beauty & Fitness/Face & Body Care/Unwanted Body & Facial Hair Removal,Healthcare
/Beauty & Fitness/Face & Body Care/Other,Healthcare
/Beauty & Fitness/Fashion & Style/Fashion Designers & Collections,Healthcare
/Beauty & Fitness/Fashion & Style/Other,Healthcare
/Beauty & Fitness/Fitness/Bodybuilding,Energy
/Beauty & Fitness/Fitness/Fitness Equipment & Accessories,Healthcare
/Beauty & Fitness/Fitness/Fitness Instruction & Personal Training,Healthcare
/Beauty & Fitness/Fitness/Gyms & Health Clubs,Healthcare
/Beauty & Fitness/Fitness/High Intensity Interval Training,Energy
/Beauty & Fitness/Fitness/Yoga & Pilates,Healthcare
/Beauty & Fitness/Fitness/Other,Healthcare
/Beauty & Fitness/Hair Care/Hair Loss,Healthcare
/Beauty & Fitness/Hair Care/Shampoos & Conditioners,Healthcare
/Beauty & Fitness/Hair Care/Other,Healthcare
/Beauty & Fitness/Weight Loss,Healthcare
/Books & Literature/Audiobooks,Education
/Books & Literature/Book Retailers,Trade
/Books & Literature/Children's Literature,Education
/Books & Literature/E-Books,Education
/Books & Literature/Fan Fiction,Trade
/Books & Literature/Literary Classics,Education
/Books & Literature/Poetry,Education
/Books & Literature/Writers Resources,Education
/Books & Literature/Other,Education
/Business & Industrial/Other,Economy
/Business & Industrial/Advertising & Marketing/Brand Management,Trade
/Business & Industrial/Advertising & Marketing/Marketing,Trade
/Business & Industrial/Advertising & Marketing/Public Relations,Trade
/Business & Industrial/Advertising & Marketing/Sales,Trade
/Business & Industrial/Advertising & Marketing/Telemarketing,Trade
/Business & Industrial/Advertising & Marketing/Other,Trade
/Business & Industrial/Aerospace & Defense/Aviation Industry,Defense
/Business & Industrial/Aerospace & Defense/Space Technology,Technology
/Business & Industrial/Aerospace & Defense/Other,Defense
/Business & Industrial/Agriculture & Forestry/Agricultural Equipment,Agriculture
/Business & Industrial/Agriculture & Forestry/Aquaculture,Agriculture
/Business & Industrial/Agriculture & Forestry/Crops & Seed,Agriculture
/Business & Industrial/Agriculture & Forestry/Farms & Ranches,Agriculture
/Business & Industrial/Agriculture & Forestry/Forestry,Agriculture
/Business & Industrial/Agriculture & Forestry/Livestock,Agriculture
/Business & Industrial/Agriculture & Forestry/Other,Agriculture
/Business & Industrial/Automotive Industry,Economy
/Business & Industrial/Business Education,Education
/Business & Industrial/Business Finance/Commercial Lending,Economy
/Business & Industrial/Business Finance/Investment Banking,Economy
/Business & Industrial/Business Finance/Risk Management,Economy
/Business & Industrial/Business Finance/Venture Capital,Economy
/Business & Industrial/Business Finance/Other,Economy
/Business & Industrial/Business Operations/Business Plans & Presentations,Economy
/Business & Industrial/Business Operations/Flexible Work Arrangements,Economy
/Business & Industrial/Business Operations/Human Resources,Economy
/Business & Industrial/Business Operations/Management,Economy
/Business & Industrial/Business Operations/Other,Economy
/Business & Industrial/Business Services/Commercial Distribution,Trade
/Business & Industrial/Business Services/Consulting,Trade
/Business & Industrial/Business Services/Corporate Events,Trade
/Business & Industrial/Business Services/E-Commerce Services,Trade
/Business & Industrial/Business Services/Fire & Security Services,Healthcare
/Business & Industrial/Business Services/Knowledge Management,Technology
/Business & Industrial/Business Services/Office Services,Trade
/Business & Industrial/Business Services/Office Supplies,Trade
/Business & Industrial/Business Services/Outsourcing,Economy
/Business & Industrial/Business Services/Physical Asset Management,Trade
/Business & Industrial/Business Services/Quality Control & Tracking,Trade
/Business & Industrial/Business Services/Shared Workspaces,Economy
/Business & Industrial/Business Services/Signage,Trade
/Business & Industrial/Business Services/Warehousing,Trade
/Business & Industrial/Business Services/Writing & Editing Services,Technology
/Business & Industrial/Business Services/Other,Trade
/Business & Industrial/Chemicals Industry/Agrochemicals,Trade
/Business & Industrial/Chemicals Industry/Cleaning Agents,Trade
/Business & Industrial/Chemicals Industry/Coatings & Adhesives,Trade
/Business & Industrial/Chemicals Industry/Dyes & Pigments,Trade
/Business & Industrial/Chemicals Industry/Plastics & Polymers,Trade
/Business & Industrial/Chemicals Industry/Other,Trade
/Business & Industrial/Construction & Maintenance/Building Materials & Supplies,Infrastructure
/Business & Industrial/Construction & Maintenance/Civil Engineering,Technology
/Business & Industrial/Construction & Maintenance/Other,Trade
/Business & Industrial/Energy & Utilities/Electricity,Energy
/Business & Industrial/Energy & Utilities/Nuclear Energy,Energy
/Business & Industrial/Energy & Utilities/Oil & Gas,Energy
/Business & Industrial/Energy & Utilities/Renewable & Alternative Energy,Energy
/Business & Industrial/Energy & Utilities/Waste Management,Energy
/Business & Industrial/Energy & Utilities/Other,Energy
/Business & Industrial/Hospitality Industry/Event Planning,Economy
/Business & Industrial/Hospitality Industry/Event Venue Rentals,Trade
/Business & Industrial/Hospitality Industry/Food Service,Trade
/Business & Industrial/Hospitality Industry/Other,Trade
/Business & Industrial/Industrial Materials & Equipment/Fluid Handling,Technology
/Business & Industrial/Industrial Materials & Equipment/Generators,Technology
/Business & Industrial/Industrial Materials & Equipment/Heavy Machinery,Technology
/Business & Industrial/Industrial Materials & Equipment/Industrial Handling & Processing Equipment,Technology
/Business & Industrial/Industrial Materials & Equipment/Industrial Measurement & Control Equipment,Technology
/Business & Industrial/Industrial Materials & Equipment/Other,Technology
/Business & Industrial/Manufacturing/Factory Automation,Technology
/Business & Industrial/Manufacturing/Other,Economy
/Business & Industrial/Metals & Mining/Precious Metals,Trade
/Business & Industrial/Metals & Mining/Other,Economy
/Business & Industrial/Pharmaceuticals & Biotech,Technology
/Business & Industrial/Printing & Publishing/Document & Printing Services,Trade
/Business & Industrial/Printing & Publishing/Other,Trade
/Business & Industrial/Retail Trade/Retail Equipment & Technology,Technology
/Business & Industrial/Retail Trade/Other,Trade
/Business & Industrial/Shipping & Logistics/Other,Trade
/Business & Industrial/Shipping & Logistics/Freight Transport/Maritime Transport,Transportation
/Business & Industrial/Shipping & Logistics/Freight Transport/Rail Freight,Transportation
/Business & Industrial/Shipping & Logistics/Freight Transport/Other,Transportation
/Business & Industrial/Shipping & Logistics/Import & Export,Trade
/Business & Industrial/Shipping & Logistics/Mail & Package Delivery,Trade
/Business & Industrial/Shipping & Logistics/Moving & Relocation,Economy
/Business & Industrial/Shipping & Logistics/Packaging,Trade
/Business & Industrial/Shipping & Logistics/Self Storage,Economy
/Business & Industrial/Small Business/Business Formation,Economy
/Business & Industrial/Small Business/Home Office,Economy
/Business & Industrial/Small Business/MLM & Business Opportunities,Economy
/Business & Industrial/Small Business/Other,Economy
/Business & Industrial/Textiles & Nonwovens,Trade
/Computers & Electronics/CAD & CAM,Technology
/Computers & Electronics/Other,Technology
/Computers & Electronics/Computer Hardware/Computer Components,Technology
/Computers & Electronics/Computer Hardware/Computer Drives & Storage,Technology
/Computers & Electronics/Computer Hardware/Computer Peripherals,Technology
/Computers & Electronics/Computer Hardware/Computer Servers,Technology
/Computers & Electronics/Computer Hardware/Desktop Computers,Technology
/Computers & Electronics/Computer Hardware/Hardware Modding & Tuning,Technology
/Computers & Electronics/Computer Hardware/Laptops & Notebooks,Technology
/Computers & Electronics/Computer Hardware/Other,Technology
/Computers & Electronics/Computer Security/Antivirus & Malware,Technology
/Computers & Electronics/Computer Security/Hacking & Cracking,Technology
/Computers & Electronics/Computer Security/Network Security,Technology
/Computers & Electronics/Computer Security/Other,Technology
/Computers & Electronics/Consumer Electronics/Audio Equipment,Technology
/Computers & Electronics/Consumer Electronics/Camera & Photo Equipment,Technology
/Computers & Electronics/Consumer Electronics/Car Electronics,Technology
/Computers & Electronics/Consumer Electronics/Drones & RC Aircraft,Technology
/Computers & Electronics/Consumer Electronics/Electronic Accessories,Technology
/Computers & Electronics/Consumer Electronics/Gadgets & Portable Electronics,Technology
/Computers & Electronics/Consumer Electronics/Game Systems & Consoles,Technology
/Computers & Electronics/Consumer Electronics/GPS & Navigation,Technology
/Computers & Electronics/Consumer Electronics/Home Automation,Technology
/Computers & Electronics/Consumer Electronics/Media Streaming Devices,Technology
/Computers & Electronics/Consumer Electronics/TV & Video Equipment,Technology
/Computers & Electronics/Consumer Electronics/Virtual Reality Devices,Technology
/Computers & Electronics/Consumer Electronics/Other,Technology
/Computers & Electronics/Electronics & Electrical/Data Sheets & Electronics Reference,Technology
/Computers & Electronics/Electronics & Electrical/Electrical Test & Measurement,Technology
/Computers & Electronics/Electronics & Electrical/Electromechanical Devices,Technology
/Computers & Electronics/Electronics & Electrical/Electronic Components,Technology
/Computers & Electronics/Electronics & Electrical/Optoelectronics & Fiber,Technology
/Computers & Electronics/Electronics & Electrical/Power Supplies,Technology
/Computers & Electronics/Electronics & Electrical/Other,Technology
/Computers & Electronics/Enterprise Technology/Customer Relationship Management (CRM),Technology
/Computers & Electronics/Enterprise Technology/Data Management,Technology
/Computers & Electronics/Enterprise Technology/Enterprise Resource Planning (ERP),Technology
/Computers & Electronics/Enterprise Technology/Helpdesk & Customer Support Systems,Technology
/Computers & Electronics/Enterprise Technology/Other,Technology
/Computers & Electronics/Networking/Data Formats & Protocols,Technology
/Computers & Electronics/Networking/Distributed & Cloud Computing,Technology
/Computers & Electronics/Networking/Network Monitoring & Management,Technology
/Computers & Electronics/Networking/Networking Equipment,Technology
/Computers & Electronics/Networking/VPN & Remote Access,Technology
/Computers & Electronics/Networking/Other,Technology
/Computers & Electronics/Programming/C & C++,Technology
/Computers & Electronics/Programming/Development Tools,Technology
/Computers & Electronics/Programming/Java (Programming Language),Technology
/Computers & Electronics/Programming/Scripting Languages,Technology
/Computers & Electronics/Programming/Windows & .NET,Technology
/Computers & Electronics/Programming/Other,Technology
/Computers & Electronics/Software/Business & Productivity Software,Technology
/Computers & Electronics/Software/Device Drivers,Technology
/Computers & Electronics/Software/Educational Software,Education
/Computers & Electronics/Software/Freeware & Shareware,Technology
/Computers & Electronics/Software/Intelligent Personal Assistants,Technology
/Computers & Electronics/Software/Internet Software,Technology
/Computers & Electronics/Software/Monitoring Software,Technology
/Computers & Electronics/Software/Multimedia Software,Technology
/Computers & Electronics/Software/Open Source,Technology
/Computers & Electronics/Software/Operating Systems,Technology
/Computers & Electronics/Software/Software Utilities,Technology
/Computers & Electronics/Software/Other,Technology
/Finance/Other,Economy
/Finance/Accounting & Auditing/Billing & Invoicing,Taxation
/Finance/Accounting & Auditing/Bookkeeping,Taxation
/Finance/Accounting & Auditing/Tax Preparation & Planning,Taxation
/Finance/Accounting & Auditing/Other,Taxation
/Finance/Banking/ATMs & Branch Locations,Economy
/Finance/Banking/Debit & Checking Services,Economy
/Finance/Banking/Mobile Payments & Digital Wallets,Technology
/Finance/Banking/Money Transfer & Wire Services,Economy
/Finance/Banking/Savings Accounts,Economy
/Finance/Banking/Other,Economy
/Finance/Credit & Lending/Credit Cards,Economy
/Finance/Credit & Lending/Credit Reporting & Monitoring,Economy
/Finance/Credit & Lending/Debt Collection & Repossession,Economy
/Finance/Credit & Lending/Debt Management,Economy
/Finance/Credit & Lending/Loans,Economy
/Finance/Credit & Lending/Other,Economy
/Finance/Crowdfunding,Economy
/Finance/Financial Planning & Management/Asset & Portfolio Management,Economy
/Finance/Financial Planning & Management/Inheritance & Estate Planning,Taxation
/Finance/Financial Planning & Management/Retirement & Pension,Economy
/Finance/Financial Planning & Management/Other,Economy
/Finance/Insurance/Health Insurance,Healthcare
/Finance/Insurance/Home Insurance,Healthcare
/Finance/Insurance/Life Insurance,Taxation
/Finance/Insurance/Travel Insurance,Taxation
/Finance/Insurance/Vehicle Insurance,Taxation
/Finance/Insurance/Other,Taxation
/Finance/Investing/Brokerages & Day Trading,Trade
/Finance/Investing/Commodities & Futures Trading,Trade
/Finance/Investing/Currencies & Foreign Exchange,Economy
/Finance/Investing/Derivatives,Economy
/Finance/Investing/Funds,Taxation
/Finance/Investing/Real Estate Investment Trusts,Taxation
/Finance/Investing/Socially Responsible Investing,Social Welfare
/Finance/Investing/Stocks & Bonds,Economy
/Finance/Investing/Other,Economy
/Food & Drink/Other,Trade
/Food & Drink/Beverages/Alcohol-Free Beverages,Healthcare
/Food & Drink/Beverages/Alcoholic Beverages,Environment
/Food & Drink/Beverages/Bottled Water,Environment
/Food & Drink/Beverages/Coffee & Tea,Economy
/Food & Drink/Beverages/Energy Drinks,Energy
/Food & Drink/Beverages/Juice,Environment
/Food & Drink/Beverages/Nutrition Drinks & Shakes,Healthcare
/Food & Drink/Beverages/Soft Drinks,Trade
/Food & Drink/Beverages/Sports Drinks,Trade
/Food & Drink/Beverages/Other,Environment
/Food & Drink/Cooking & Recipes/BBQ & Grilling,Trade
/Food & Drink/Cooking & Recipes/Cuisines,Economy
/Food & Drink/Cooking & Recipes/Culinary Training,Education
/Food & Drink/Cooking & Recipes/Desserts,Economy
/Food & Drink/Cooking & Recipes/Healthy Eating,Energy
/Food & Drink/Cooking & Recipes/Salads,Agriculture
/Food & Drink/Cooking & Recipes/Soups & Stews,Agriculture
/Food & Drink/Cooking & Recipes/Other,Economy
/Food & Drink/Food/Other,Trade
/Food & Drink/Food & Grocery Delivery/Grocery Delivery Services,Healthcare
/Food & Drink/Food & Grocery Delivery/Meal Kits,Trade
/Food & Drink/Food & Grocery Delivery/Restaurant Delivery Services,Trade
/Food & Drink/Food & Grocery Delivery/Other,Trade
/Food & Drink/Food & Grocery Retailers/Bakeries,Trade
/Food & Drink/Food & Grocery Retailers/Butchers,Trade
/Food & Drink/Food & Grocery Retailers/Convenience Stores,Trade
/Food & Drink/Food & Grocery Retailers/Delicatessens,Trade
/Food & Drink/Food & Grocery Retailers/Farmers' Markets,Agriculture
/Food & Drink/Food & Grocery Retailers/Other,Trade
/Food & Drink/Food/Baked Goods,Trade
/Food & Drink/Food/Breakfast Foods,Agriculture
/Food & Drink/Food/Candy & Sweets,Trade
/Food & Drink/Food/Condiments & Dressings,Healthcare
/Food & Drink/Food/Cooking Fats & Oils,Environment
/Food & Drink/Food/Dairy & Egg Substitutes,Agriculture
/Food & Drink/Food/Dairy & Eggs,Agriculture
/Food & Drink/Food/Fruits & Vegetables,Agriculture
/Food & Drink/Food/Gourmet & Specialty Foods,Trade
/Food & Drink/Food/Grains & Pasta,Agriculture
/Food & Drink/Food/Herbs & Spices,Agriculture
/Food & Drink/Food/Meat & Seafood,Trade
/Food & Drink/Food/Meat & Seafood Substitutes,Trade
/Food & Drink/Food/Organic & Natural Foods,Agriculture
/Food & Drink/Food/Snack Foods,Trade
/Food & Drink/Restaurants/Catering,Economy
/Food & Drink/Restaurants/Fast Food,Economy
/Food & Drink/Restaurants/Fine Dining,Economy
/Food & Drink/Restaurants/Pizzerias,Economy
/Food & Drink/Restaurants/Restaurant Reviews & Reservations,Healthcare
/Food & Drink/Restaurants/Other,Economy
/Games/Arcade & Coin-Op Games,Trade
/Games/Other,Technology
/Games/Board Games/Chess & Abstract Strategy Games,Defense
/Games/Board Games/Miniatures & Wargaming,Trade
/Games/Board Games/Other,Trade
/Games/Card Games/Collectible Card Games,Trade
/Games/Card Games/Poker & Casino Games,Trade
/Games/Card Games/Other,Trade
/Games/Computer & Video Games/Action & Platform Games,Environment
/Games/Computer & Video Games/Adventure Games,Technology
/Games/Computer & Video Games/Browser Games,Technology
/Games/Computer & Video Games/Casual Games,Technology
/Games/Computer & Video Games/Competitive Video Gaming,Technology
/Games/Computer & Video Games/Driving & Racing Games,Technology
/Games/Computer & Video Games/Fighting Games,Technology
/Games/Computer & Video Games/Gaming Reference & Reviews,Technology
/Games/Computer & Video Games/Massively Multiplayer Games,Technology
/Games/Computer & Video Games/Music & Dance Games,Technology
/Games/Computer & Video Games/Sandbox Games,Technology
/Games/Computer & Video Games/Shooter Games,Technology
/Games/Computer & Video Games/Simulation Games,Technology
/Games/Computer & Video Games/Sports Games,Technology
/Games/Computer & Video Games/Strategy Games,Technology
/Games/Computer & Video Games/Video Game Development,Technology
/Games/Computer & Video Games/Video Game Emulation,Technology
/Games/Computer & Video Games/Video Game Mods & Add-Ons,Technology
/Games/Computer & Video Games/Video Game Retailers,Technology
/Games/Computer & Video Games/Other,Technology
/Games/Dice Games,Taxation
/Games/Educational Games,Education
/Games/Family-Oriented Games & Activities/Drawing & Coloring,Environment
/Games/Family-Oriented Games & Activities/Dress-Up & Fashion Games,Education
/Games/Family-Oriented Games & Activities/Other,Social Welfare
/Games/Gambling/Lottery,Taxation
/Games/Gambling/Sports Betting,Trade
/Games/Gambling/Other,Trade
/Games/Party Games,Technology
/Games/Puzzles & Brainteasers,Technology
/Games/Roleplaying Games,Environment
/Games/Table Games/Billiards,Trade
/Games/Table Games/Table Tennis,Economy
/Games/Table Games/Other,Trade
/Games/Tile Games,Defense
/Games/Word Games,Education
/Health/Other,Healthcare
/Health/Aging & Geriatrics/Alzheimer's Disease,Healthcare
/Health/Aging & Geriatrics/Other,Healthcare
/Health/Alternative & Natural Medicine/Acupuncture & Chinese Medicine,Healthcare
/Health/Alternative & Natural Medicine/Cleansing & Detoxification,Healthcare
/Health/Alternative & Natural Medicine/Other,Healthcare
/Health/Health Conditions/AIDS & HIV,Healthcare
/Health/Health Conditions/Other,Healthcare
/Health/Health Conditions/Allergies/Environmental Allergies,Environment
/Health/Health Conditions/Allergies/Food Allergies,Healthcare
/Health/Health Conditions/Allergies/Other,Healthcare
/Health/Health Conditions/Arthritis,Healthcare
/Health/Health Conditions/Blood Sugar & Diabetes,Healthcare
/Health/Health Conditions/Cancer,Healthcare
/Health/Health Conditions/Ear Nose & Throat,Healthcare
/Health/Health Conditions/Eating Disorders,Healthcare
/Health/Health Conditions/Endocrine Conditions,Healthcare
/Health/Health Conditions/Genetic Disorders,Healthcare
/Health/Health Conditions/GERD & Digestive Disorders,Healthcare
/Health/Health Conditions/Heart & Hypertension,Healthcare
/Health/Health Conditions/Infectious Diseases/Covid-19,Healthcare
/Health/Health Conditions/Infectious Diseases/Vaccines & Immunizations,Healthcare
/Health/Health Conditions/Infectious Diseases/Other,Healthcare
/Health/Health Conditions/Injury,Healthcare
/Health/Health Conditions/Neurological Conditions,Healthcare
/Health/Health Conditions/Obesity,Healthcare
/Health/Health Conditions/Pain Management,Healthcare
/Health/Health Conditions/Respiratory Conditions,Healthcare
/Health/Health Conditions/Skin Conditions,Healthcare
/Health/Health Conditions/Sleep Disorders,Healthcare
/Health/Health Education & Medical Training,Healthcare
/Health/Health Foundations & Medical Research,Healthcare
/Health/Medical Devices & Equipment/Assistive Technology,Technology
/Health/Medical Devices & Equipment/Other,Healthcare
/Health/Medical Facilities & Services/Doctors' Offices,Healthcare
/Health/Medical Facilities & Services/Hospitals & Treatment Centers,Healthcare
/Health/Medical Facilities & Services/Other,Healthcare
/Health/Medical Facilities & Services/Medical Procedures/Other,Healthcare
/Health/Medical Facilities & Services/Medical Procedures/Surgery/Cosmetic Surgery,Healthcare
/Health/Medical Facilities & Services/Physical Therapy,Healthcare
/Health/Medical Literature & Resources/Medical Photos & Illustration,Healthcare
/Health/Medical Literature & Resources/Other,Healthcare
/Health/Men's Health,Healthcare
/Health/Mental Health/Anxiety & Stress,Healthcare
/Health/Mental Health/Compulsive Gambling,Healthcare
/Health/Mental Health/Counseling Services,Healthcare
/Health/Mental Health/Depression,Healthcare
/Health/Mental Health/Other,Healthcare
/Health/Nursing/Assisted Living & Long Term Care,Healthcare
/Health/Nursing/Other,Healthcare
/Health/Nutrition/Special & Restricted Diets,Healthcare
/Health/Nutrition/Vitamins & Supplements,Healthcare
/Health/Nutrition/Other,Healthcare
/Health/Oral & Dental Care,Healthcare
/Health/Pediatrics,Healthcare
/Health/Pharmacy/Drugs & Medications,Healthcare
/Health/Pharmacy/Other,Healthcare
/Health/Public Health/Health Policy,Healthcare
/Health/Public Health/Occupational Health & Safety,Healthcare
/Health/Public Health/Toxic Substances & Poisoning,Healthcare
/Health/Public Health/Other,Healthcare
/Health/Reproductive Health/Birth Control,Healthcare
/Health/Reproductive Health/Infertility,Healthcare
/Health/Reproductive Health/Male Impotence,Healthcare
/Health/Reproductive Health/OBGYN,Healthcare
/Health/Reproductive Health/Sex Education & Counseling,Healthcare
/Health/Reproductive Health/Other,Healthcare
/Health/Substance Abuse/Drug & Alcohol Testing,Healthcare
/Health/Substance Abuse/Drug & Alcohol Treatment,Healthcare
/Health/Substance Abuse/Smoking & Smoking Cessation,Healthcare
/Health/Substance Abuse/Steroids & Performance-Enhancing Drugs,Healthcare
/Health/Substance Abuse/Other,Healthcare
/Health/Vision Care/Eye Exams & Optometry,Healthcare
/Health/Vision Care/Eyeglasses & Contacts,Healthcare
/Health/Vision Care/Laser Vision Correction,Healthcare
/Health/Vision Care/Other,Healthcare
/Health/Women's Health,Healthcare
/Hobbies & Leisure/Other,Social Welfare
/Hobbies & Leisure/Clubs & Organizations/Youth Organizations & Resources,Social Welfare
/Hobbies & Leisure/Clubs & Organizations/Other,Social Welfare
/Hobbies & Leisure/Crafts/Art & Craft Supplies,Trade
/Hobbies & Leisure/Crafts/Ceramics & Pottery,Trade
/Hobbies & Leisure/Crafts/Fiber & Textile Arts,Trade
/Hobbies & Leisure/Crafts/Other,Trade
/Hobbies & Leisure/Merit Prizes & Contests,Social Welfare
/Hobbies & Leisure/Outdoors/Fishing,Environment
/Hobbies & Leisure/Outdoors/Hiking & Camping,Environment
/Hobbies & Leisure/Outdoors/Hunting & Shooting,Environment
/Hobbies & Leisure/Outdoors/Other,Environment
/Hobbies & Leisure/Paintball,Social Welfare
/Hobbies & Leisure/Radio Control & Modeling/Model Trains & Railroads,Transportation
/Hobbies & Leisure/Radio Control & Modeling/Other,Social Welfare
/Hobbies & Leisure/Recreational Aviation,Education
/Hobbies & Leisure/Special Occasions/Anniversaries,Social Welfare
/Hobbies & Leisure/Special Occasions/Holidays & Seasonal Events,Social Welfare
/Hobbies & Leisure/Special Occasions/Weddings,Social Welfare
/Hobbies & Leisure/Special Occasions/Other,Social Welfare
/Hobbies & Leisure/Sweepstakes & Promotional Giveaways,Social Welfare
/Hobbies & Leisure/Water Activities/Boating,Environment
/Hobbies & Leisure/Water Activities/Diving & Underwater Activities,Environment
/Hobbies & Leisure/Water Activities/Surf & Swim,Environment
/Hobbies & Leisure/Water Activities/Other,Environment
/Home & Garden/Other,Environment
/Home & Garden/Bed & Bath/Bathroom,Environment
/Home & Garden/Bed & Bath/Bedroom,Environment
/Home & Garden/Bed & Bath/Other,Healthcare
/Home & Garden/Domestic Services/Cleaning Services,Social Welfare
/Home & Garden/Domestic Services/Other,Social Welfare
/Home & Garden/Home & Interior Decor,Environment
/Home & Garden/Home Appliances/Vacuums & Floor Care,Healthcare
/Home & Garden/Home Appliances/Water Filters & Purifiers,Environment
/Home & Garden/Home Appliances/Other,Environment
/Home & Garden/Home Furnishings/Clocks,Environment
/Home & Garden/Home Furnishings/Countertops,Healthcare
/Home & Garden/Home Furnishings/Curtains & Window Treatments,Healthcare
/Home & Garden/Home Furnishings/Kitchen & Dining Furniture,Environment
/Home & Garden/Home Furnishings/Lamps & Lighting,Healthcare
/Home & Garden/Home Furnishings/Living Room Furniture,Environment
/Home & Garden/Home Furnishings/Outdoor Furniture,Environment
/Home & Garden/Home Furnishings/Rugs & Carpets,Healthcare
/Home & Garden/Home Furnishings/Other,Environment
/Home & Garden/Home Improvement/Construction & Power Tools,Environment
/Home & Garden/Home Improvement/Doors & Windows,Environment
/Home & Garden/Home Improvement/Flooring,Environment
/Home & Garden/Home Improvement/House Painting & Finishing,Environment
/Home & Garden/Home Improvement/Locks & Locksmiths,Environment
/Home & Garden/Home Improvement/Plumbing,Environment
/Home & Garden/Home Improvement/Roofing,Environment
/Home & Garden/Home Improvement/Other,Environment
/Home & Garden/Home Safety & Security/Home Alarm & Security Systems,Environment
/Home & Garden/Home Safety & Security/Other,Social Welfare
/Home & Garden/Home Storage & Shelving/Cabinetry,Environment
/Home & Garden/Home Storage & Shelving/Other,Environment
/Home & Garden/Household Supplies/Household Batteries,Energy
/Home & Garden/Household Supplies/Household Cleaning Supplies,Healthcare
/Home & Garden/Household Supplies/Other,Agriculture
/Home & Garden/HVAC & Climate Control/Air Conditioners,Environment
/Home & Garden/HVAC & Climate Control/Air Filters & Purifiers,Environment
/Home & Garden/HVAC & Climate Control/Fireplaces & Stoves,Environment
/Home & Garden/HVAC & Climate Control/Heaters,Environment
/Home & Garden/HVAC & Climate Control/Household Fans,Environment
/Home & Garden/HVAC & Climate Control/Other,Environment
/Home & Garden/Kitchen & Dining/Cookware & Diningware,Economy
/Home & Garden/Kitchen & Dining/Major Kitchen Appliances,Environment
/Home & Garden/Kitchen & Dining/Small Kitchen Appliances,Environment
/Home & Garden/Kitchen & Dining/Other,Environment
/Home & Garden/Laundry/Washers & Dryers,Environment
/Home & Garden/Laundry/Other,Social Welfare
/Home & Garden/Pest Control,Environment
/Internet & Telecom/Other,Technology
/Internet & Telecom/Communications Equipment/Radio Equipment,Technology
/Internet & Telecom/Communications Equipment/Other,Technology
/Internet & Telecom/Email & Messaging/Electronic Spam,Technology
/Internet & Telecom/Email & Messaging/Email,Technology
/Internet & Telecom/Email & Messaging/Text & Instant Messaging,Technology
/Internet & Telecom/Email & Messaging/Voice & Video Chat,Technology
/Internet & Telecom/Email & Messaging/Other,Technology
/Internet & Telecom/Mobile & Wireless/Mobile & Wireless Accessories,Technology
/Internet & Telecom/Mobile & Wireless/Mobile Apps & Add-Ons,Technology
/Internet & Telecom/Mobile & Wireless/Mobile Phones,Technology
/Internet & Telecom/Mobile & Wireless/Other,Technology
/Internet & Telecom/Search Engines/People Search,Technology
/Internet & Telecom/Search Engines/Other,Technology
/Internet & Telecom/Service Providers/Cable & Satellite Providers,Infrastructure
/Internet & Telecom/Service Providers/ISPs,Infrastructure
/Internet & Telecom/Service Providers/Phone Service Providers,Technology
/Internet & Telecom/Service Providers/Other,Technology
/Internet & Telecom/Teleconferencing,Technology
/Internet & Telecom/Web Services/Affiliate Programs,Technology
/Internet & Telecom/Web Services/Cloud Storage,Technology
/Internet & Telecom/Web Services/Search Engine Optimization & Marketing,Technology
/Internet & Telecom/Web Services/Web Design & Development,Technology
/Internet & Telecom/Web Services/Web Stats & Analytics,Technology
/Internet & Telecom/Web Services/Other,Technology
/Jobs & Education/Other,Education
/Jobs & Education/Education/Academic Conferences & Publications,Education
/Jobs & Education/Education/Alumni & Reunions,Education
/Jobs & Education/Education/Colleges & Universities,Education
/Jobs & Education/Education/Computer Education,Education
/Jobs & Education/Education/Distance Learning,Education
/Jobs & Education/Education/Early Childhood Education,Education
/Jobs & Education/Education/Homeschooling,Education
/Jobs & Education/Education/Open Online Courses,Education
/Jobs & Education/Education/Primary & Secondary Schooling (K-12),Education
/Jobs & Education/Education/Private Tutoring Services,Education
/Jobs & Education/Education/Special Education,Education
/Jobs & Education/Education/Standardized & Admissions Tests,Education
/Jobs & Education/Education/Study Abroad,Education
/Jobs & Education/Education/Teaching & Classroom Resources,Education
/Jobs & Education/Education/Training & Certification,Education
/Jobs & Education/Education/Vocational & Continuing Education,Education
/Jobs & Education/Education/Other,Education
/Jobs & Education/Internships,Education
/Jobs & Education/Jobs/Career Resources & Planning,Education
/Jobs & Education/Jobs/Job Listings,Education
/Jobs & Education/Jobs/Resumes & Portfolios,Education
/Jobs & Education/Jobs/Other,Education
/Law & Government/Other,Judicial System
/Law & Government/Government/Courts & Judiciary,Judicial System
/Law & Government/Government/Embassies & Consulates,Immigration
/Law & Government/Government/Executive Branch,Judicial System
/Law & Government/Government/Government Contracting & Procurement,Trade
/Law & Government/Government/Intelligence & Counterterrorism,National Security
/Law & Government/Government/Legislative Branch,Judicial System
/Law & Government/Government/Lobbying,Civil Rights
/Law & Government/Government/Public Policy,Foreign Policy
/Law & Government/Government/Royalty,Taxation
/Law & Government/Government/Visa & Immigration,Immigration
/Law & Government/Government/Other,Judicial System
/Law & Government/Legal/Accident & Personal Injury Law,Civil Rights
/Law & Government/Legal/Bankruptcy,Judicial System
/Law & Government/Legal/Business & Corporate Law,Civil Rights
/Law & Government/Legal/Constitutional Law & Civil Rights,Civil Rights
/Law & Government/Legal/Family Law,Civil Rights
/Law & Government/Legal/Intellectual Property,Civil Rights
/Law & Government/Legal/Labor & Employment Law,Labor
/Law & Government/Legal/Legal Education,Education
/Law & Government/Legal/Legal Services,Judicial System
/Law & Government/Legal/Product Liability,Taxation
/Law & Government/Legal/Real Estate Law,Civil Rights
/Law & Government/Legal/Other,Judicial System
/Law & Government/Military/Air Force,Defense
/Law & Government/Military/Army,Defense
/Law & Government/Military/Marines,Defense
/Law & Government/Military/Navy,Defense
/Law & Government/Public Safety/Crime & Justice,Judicial System
/Law & Government/Public Safety/Emergency Services,Civil Rights
/Law & Government/Public Safety/Law Enforcement,Civil Rights
/Law & Government/Public Safety/Security Products & Services,National Security
/Law & Government/Public Safety/Other,Civil Rights
/Law & Government/Social Services/Welfare & Unemployment,Social Welfare
/Law & Government/Social Services/Other,Social Welfare
/News/Other,Foreign Policy
/News/Business News/Company News,Economy
/News/Business News/Economy News,Economy
/News/Business News/Financial Markets News,Economy
/News/Business News/Fiscal Policy News,Economy
/News/Business News/Other,Economy
/News/Gossip & Tabloid News/Scandals & Investigations,Healthcare
/News/Gossip & Tabloid News/Other,Healthcare
/News/Health News,Healthcare
/News/Local News,Economy
/News/Politics/Campaigns & Elections,Social Welfare
/News/Politics/Media Critics & Watchdogs,Social Welfare
/News/Politics/Political Polls & Surveys,Taxation
/News/Politics/Other,Foreign Policy
/News/Sports News,Healthcare
/News/Technology News,Technology
/News/Weather,Environment
/News/World News,Healthcare
/Online Communities/Blogging Resources & Services,Technology
/Online Communities/Other,Technology
/Online Communities/Dating & Personals/Matrimonial Services,Technology
/Online Communities/Dating & Personals/Personals,Technology
/Online Communities/Dating & Personals/Photo Rating Sites,Technology
/Online Communities/Dating & Personals/Other,Technology
/Online Communities/File Sharing & Hosting,Technology
/Online Communities/Online Goodies/Clip Art & Animated GIFs,Technology
/Online Communities/Online Goodies/Social Network Apps & Add-Ons,Technology
/Online Communities/Online Goodies/Other,Technology
/Online Communities/Online Journals & Personal Sites,Healthcare
/Online Communities/Photo & Video Sharing/Photo & Image Sharing,Technology
/Online Communities/Photo & Video Sharing/Video Sharing,Technology
/Online Communities/Photo & Video Sharing/Other,Technology
/Online Communities/Social Networks,Technology
/Online Communities/Virtual Worlds,Technology
/People & Society/Other,Social Welfare
/People & Society/Family & Relationships/Etiquette,Social Welfare
/People & Society/Family & Relationships/Other,Social Welfare
/People & Society/Family & Relationships/Family/Other,Social Welfare
/People & Society/Family & Relationships/Family/Parenting/Babies & Toddlers/Nursery & Playroom,Social Welfare
/People & Society/Family & Relationships/Marriage,Social Welfare
/People & Society/Family & Relationships/Romance,Social Welfare
/People & Society/Family & Relationships/Troubled Relationships,Social Welfare
/People & Society/Kids & Teens/Children's Interests,Social Welfare
/People & Society/Kids & Teens/Teen Interests,Social Welfare
/People & Society/Kids & Teens/Other,Social Welfare
/People & Society/Religion & Belief,Social Welfare
/People & Society/Self-Help & Motivational,Social Welfare
/People & Society/Seniors & Retirement,Social Welfare
/People & Society/Social Issues & Advocacy/Charity & Philanthropy,Social Welfare
/People & Society/Social Issues & Advocacy/Discrimination & Identity Relations,Social Welfare
/People & Society/Social Issues & Advocacy/Drug Laws & Policy,Social Welfare
/People & Society/Social Issues & Advocacy/Ethics,Social Welfare
/People & Society/Social Issues & Advocacy/Green Living & Environmental Issues,Environment
/People & Society/Social Issues & Advocacy/Housing & Development,Social Welfare
/People & Society/Social Issues & Advocacy/Human Rights & Liberties,Civil Rights
/People & Society/Social Issues & Advocacy/Poverty & Hunger,Social Welfare
/People & Society/Social Issues & Advocacy/Work & Labor Issues,Labor
/People & Society/Social Issues & Advocacy/Other,Social Welfare
/People & Society/Social Sciences/Anthropology,Social Welfare
/People & Society/Social Sciences/Archaeology,Social Welfare
/People & Society/Social Sciences/Communications & Media Studies,Social Welfare
/People & Society/Social Sciences/Demographics,Social Welfare
/People & Society/Social Sciences/Economics,Social Welfare
/People & Society/Social Sciences/Political Science,Social Welfare
/People & Society/Social Sciences/Psychology,Social Welfare
/People & Society/Social Sciences/Other,Social Welfare
/People & Society/Subcultures & Niche Interests,Social Welfare
/Pets & Animals/Other,Social Welfare
/Pets & Animals/Animal Products & Services/Animal Welfare,Social Welfare
/Pets & Animals/Animal Products & Services/Pet Food & Pet Care Supplies,Environment
/Pets & Animals/Animal Products & Services/Veterinarians,Healthcare
/Pets & Animals/Animal Products & Services/Other,Trade
/Pets & Animals/Pets/Birds,Social Welfare
/Pets & Animals/Pets/Cats,Social Welfare
/Pets & Animals/Pets/Dogs,Social Welfare
/Pets & Animals/Pets/Exotic Pets,Trade
/Pets & Animals/Pets/Fish & Aquaria,Environment
/Pets & Animals/Pets/Horses,Social Welfare
/Pets & Animals/Pets/Rabbits & Rodents,Social Welfare
/Pets & Animals/Pets/Reptiles & Amphibians,Environment
/Pets & Animals/Pets/Other,Social Welfare
/Pets & Animals/Wildlife,Environment
/Real Estate/Property Development,Economy
/Real Estate/Other,Taxation
/Real Estate/Real Estate Listings/Bank-Owned & Foreclosed Properties,Economy
/Real Estate/Real Estate Listings/Commercial Properties,Taxation
/Real Estate/Real Estate Listings/Lots & Land,Taxation
/Real Estate/Real Estate Listings/Residential Rentals,Taxation
/Real Estate/Real Estate Listings/Residential Sales,Trade
/Real Estate/Real Estate Listings/Timeshares & Vacation Properties,Taxation
/Real Estate/Real Estate Listings/Other,Taxation
/Real Estate/Real Estate Services/Property Inspections & Appraisals,Taxation
/Real Estate/Real Estate Services/Property Management,Economy
/Real Estate/Real Estate Services/Real Estate Agencies,Taxation
/Real Estate/Real Estate Services/Real Estate Title & Escrow,Taxation
/Real Estate/Real Estate Services/Other,Taxation
/Reference/Other,Immigration
/Reference/Directories & Listings/Business & Personal Listings,Trade
/Reference/Directories & Listings/Other,Trade
/Reference/General Reference/Dictionaries & Encyclopedias,Education
/Reference/General Reference/Educational Resources,Education
/Reference/General Reference/Forms Guides & Templates,Healthcare
/Reference/General Reference/Public Records,National Security
/Reference/General Reference/Time & Calendars,Healthcare
/Reference/General Reference/Other,Foreign Policy
/Reference/Geographic Reference/Maps,Environment
/Reference/Geographic Reference/Other,Environment
/Reference/Humanities/History,Education
/Reference/Humanities/Myth & Folklore,Education
/Reference/Humanities/Philosophy,Education
/Reference/Humanities/Other,Education
/Reference/Language Resources/Foreign Language Resources,Education
/Reference/Language Resources/Other,Education
/Reference/Libraries & Museums/Libraries,Trade
/Reference/Libraries & Museums/Museums,Trade
/Reference/Libraries & Museums/Other,Trade
/Reference/Technical Reference,Technology
/Science/Astronomy,Energy
/Science/Other,Environment
/Science/Biological Sciences/Genetics,Environment
/Science/Biological Sciences/Neuroscience,Environment
/Science/Biological Sciences/Other,Environment
/Science/Chemistry,Environment
/Science/Computer Science/Machine Learning & Artificial Intelligence,Technology
/Science/Computer Science/Other,Technology
/Science/Earth Sciences/Atmospheric Science,Environment
/Science/Earth Sciences/Geology,Environment
/Science/Earth Sciences/Paleontology,Environment
/Science/Earth Sciences/Other,Environment
/Science/Ecology & Environment/Climate Change & Global Warming,Environment
/Science/Ecology & Environment/Other,Environment
/Science/Engineering & Technology/Augmented & Virtual Reality,Technology
/Science/Engineering & Technology/Robotics,Technology
/Science/Engineering & Technology/Other,Technology
/Science/Mathematics/Statistics,Education
/Science/Mathematics/Other,Education
/Science/Physics,Energy
/Science/Scientific Equipment,Technology
/Science/Scientific Institutions,Education
/Sensitive Subjects/Accidents & Disasters,Healthcare
/Sensitive Subjects/Death & Tragedy,Healthcare
/Sensitive Subjects/Firearms & Weapons,National Security
/Sensitive Subjects/Recreational Drugs,Social Welfare
/Sensitive Subjects/Self-Harm,Social Welfare
/Sensitive Subjects/Violence & Abuse,Social Welfare
/Shopping/Antiques & Collectibles,Trade
/Shopping/Other,Trade
/Shopping/Apparel/Apparel Services,Trade
/Shopping/Apparel/Athletic Apparel,Trade
/Shopping/Apparel/Casual Apparel,Trade
/Shopping/Apparel/Children's Clothing,Trade
/Shopping/Apparel/Clothing Accessories,Trade
/Shopping/Apparel/Costumes,Trade
/Shopping/Apparel/Eyewear,Trade
/Shopping/Apparel/Footwear,Trade
/Shopping/Apparel/Formal Wear,Trade
/Shopping/Apparel/Headwear,Trade
/Shopping/Apparel/Men's Clothing,Trade
/Shopping/Apparel/Outerwear,Trade
/Shopping/Apparel/Pants & Shorts,Trade
/Shopping/Apparel/Shirts & Tops,Trade
/Shopping/Apparel/Sleepwear,Trade
/Shopping/Apparel/Suits & Business Attire,Trade
/Shopping/Apparel/Swimwear,Trade
/Shopping/Apparel/Undergarments,Trade
/Shopping/Apparel/Uniforms & Workwear,Trade
/Shopping/Apparel/Women's Clothing,Trade
/Shopping/Apparel/Other,Trade
/Shopping/Auctions,Trade
/Shopping/Classifieds,Trade
/Shopping/Consumer Resources/Consumer Advocacy & Protection,Trade
/Shopping/Consumer Resources/Coupons & Discount Offers,Trade
/Shopping/Consumer Resources/Customer Services,Trade
/Shopping/Consumer Resources/Identity Theft Protection,Trade
/Shopping/Consumer Resources/Product Reviews & Price Comparisons,Trade
/Shopping/Consumer Resources/Other,Trade
/Shopping/Discount & Outlet Stores,Trade
/Shopping/Entertainment Media/Entertainment Media Rentals,Trade
/Shopping/Entertainment Media/Other,Economy
/Shopping/Gifts & Special Event Items/Custom & Personalized Items,Trade
/Shopping/Gifts & Special Event Items/Flowers,Trade
/Shopping/Gifts & Special Event Items/Gifts,Trade
/Shopping/Gifts & Special Event Items/Greeting Cards,Trade
/Shopping/Gifts & Special Event Items/Party & Holiday Supplies,Taxation
/Shopping/Gifts & Special Event Items/Other,Trade
/Shopping/Green & Eco-Friendly Shopping,Environment
/Shopping/Luxury Goods,Trade
/Shopping/Mass Merchants & Department Stores,Trade
/Shopping/Photo & Video Services/Event & Studio Photography,Trade
/Shopping/Photo & Video Services/Photo Printing Services,Healthcare
/Shopping/Photo & Video Services/Stock Photography,Trade
/Shopping/Photo & Video Services/Other,Healthcare
/Shopping/Shopping Portals,Technology
/Shopping/Swap Meets & Outdoor Markets,Trade
/Shopping/Tobacco & Vaping Products,Trade
/Shopping/Toys/Action Figures,Trade
/Shopping/Toys/Building Toys,Trade
/Shopping/Toys/Die-cast & Toy Vehicles,Trade
/Shopping/Toys/Dolls & Accessories,Trade
/Shopping/Toys/Educational Toys,Education
/Shopping/Toys/Outdoor Toys & Play Equipment,Trade
/Shopping/Toys/Puppets,Trade
/Shopping/Toys/Ride-On Toys & Wagons,Trade
/Shopping/Toys/Stuffed Toys,Trade
/Shopping/Toys/Other,Trade
/Shopping/Wholesalers & Liquidators,Trade
/Sports/Other,Education
/Sports/Animal Sports/Equestrian,Agriculture
/Sports/Animal Sports/Other,Environment
/Sports/College Sports,Education
/Sports/Combat Sports/Boxing,Education
/Sports/Combat Sports/Fencing,Defense
/Sports/Combat Sports/Martial Arts,Education
/Sports/Combat Sports/Wrestling,Defense
/Sports/Combat Sports/Other,Defense
/Sports/Extreme Sports/Climbing & Mountaineering,Education
/Sports/Extreme Sports/Drag & Street Racing,Energy
/Sports/Extreme Sports/Stunts & Dangerous Feats,Energy
/Sports/Extreme Sports/Other,Energy
/Sports/Fantasy Sports,Defense
/Sports/Individual Sports/Bowling,Education
/Sports/Individual Sports/Cycling,Education
/Sports/Individual Sports/Golf,Taxation
/Sports/Individual Sports/Gymnastics,Education
/Sports/Individual Sports/Racquet Sports,Education
/Sports/Individual Sports/Running & Walking,Education
/Sports/Individual Sports/Skate Sports,Education
/Sports/Individual Sports/Track & Field,Education
/Sports/Individual Sports/Other,Education
/Sports/International Sports Competitions/Olympics,Education
/Sports/International Sports Competitions/Other,Education
/Sports/Motor Sports/Auto Racing,Taxation
/Sports/Motor Sports/Motorcycle Racing,Taxation
/Sports/Motor Sports/Other,Education
/Sports/Sport Scores & Statistics,Education
/Sports/Sporting Goods/American Football Equipment,Trade
/Sports/Sporting Goods/Baseball Equipment,Trade
/Sports/Sporting Goods/Basketball Equipment,Trade
/Sports/Sporting Goods/Bowling Equipment,Trade
/Sports/Sporting Goods/Combat Sports Equipment,Trade
/Sports/Sporting Goods/Cricket Equipment,Trade
/Sports/Sporting Goods/Electric Skateboards & Scooters,Technology
/Sports/Sporting Goods/Equestrian Equipment & Tack,Trade
/Sports/Sporting Goods/Golf Equipment,Trade
/Sports/Sporting Goods/Gymnastics Equipment,Trade
/Sports/Sporting Goods/Hockey Equipment,Trade
/Sports/Sporting Goods/Ice Skating Equipment,Trade
/Sports/Sporting Goods/Roller Skating & Rollerblading Equipment,Trade
/Sports/Sporting Goods/Skateboarding Equipment,Trade
/Sports/Sporting Goods/Soccer Equipment,Trade
/Sports/Sporting Goods/Sports Memorabilia,Taxation
/Sports/Sporting Goods/Squash & Racquetball Equipment,Trade
/Sports/Sporting Goods/Table Tennis Equipment,Trade
/Sports/Sporting Goods/Tennis Equipment,Trade
/Sports/Sporting Goods/Volleyball Equipment,Trade
/Sports/Sporting Goods/Water Sports Equipment,Trade
/Sports/Sporting Goods/Winter Sports Equipment,Trade
/Sports/Sporting Goods/Other,Trade
/Sports/Sports Coaching & Training,Education
/Sports/Sports Fan Gear & Apparel,Healthcare
/Sports/Team Sports/American Football,Defense
/Sports/Team Sports/Australian Football,Labor
/Sports/Team Sports/Baseball,Defense
/Sports/Team Sports/Basketball,Education
/Sports/Team Sports/Cheerleading,Education
/Sports/Team Sports/Cricket,Education
/Sports/Team Sports/Handball,Education
/Sports/Team Sports/Hockey,Defense
/Sports/Team Sports/Rugby,Education
/Sports/Team Sports/Soccer,Education
/Sports/Team Sports/Volleyball,Education
/Sports/Team Sports/Other,Education
/Sports/Water Sports/Surfing,Environment
/Sports/Water Sports/Swimming,Environment
/Sports/Water Sports/Other,Education
/Sports/Winter Sports/Ice Skating,Education
/Sports/Winter Sports/Skiing & Snowboarding,Education
/Sports/Winter Sports/Other,Education
/Travel & Transportation/Other,Transportation
/Travel & Transportation/Hotels & Accommodations/Vacation Rentals & Short-Term Stays,Transportation
/Travel & Transportation/Hotels & Accommodations/Other,Transportation
/Travel & Transportation/Luggage & Travel Accessories/Backpacks & Utility Bags,Transportation
/Travel & Transportation/Luggage & Travel Accessories/Other,Transportation
/Travel & Transportation/Specialty Travel/Adventure Travel,Transportation
/Travel & Transportation/Specialty Travel/Agritourism,Transportation
/Travel & Transportation/Specialty Travel/Business Travel,Transportation
/Travel & Transportation/Specialty Travel/Ecotourism,Transportation
/Travel & Transportation/Specialty Travel/Family Travel,Transportation
/Travel & Transportation/Specialty Travel/Honeymoons & Romantic Getaways,Transportation
/Travel & Transportation/Specialty Travel/Low Cost & Last Minute Travel,Transportation
/Travel & Transportation/Specialty Travel/Luxury Travel,Transportation
/Travel & Transportation/Specialty Travel/Medical Tourism,Transportation
/Travel & Transportation/Specialty Travel/Religious Travel,Transportation
/Travel & Transportation/Specialty Travel/Other,Transportation
/Travel & Transportation/Tourist Destinations/Beaches & Islands,Transportation
/Travel & Transportation/Tourist Destinations/Historical Sites & Buildings,Transportation
/Travel & Transportation/Tourist Destinations/Mountain & Ski Resorts,Transportation
/Travel & Transportation/Tourist Destinations/Regional Parks & Gardens,Transportation
/Travel & Transportation/Tourist Destinations/Theme Parks,Transportation
/Travel & Transportation/Tourist Destinations/Vineyards & Wine Tourism,Transportation
/Travel & Transportation/Tourist Destinations/Other,Transportation
/Travel & Transportation/Transportation/Air Travel,Transportation
/Travel & Transportation/Transportation/Car Rentals,Transportation
/Travel & Transportation/Transportation/Carpooling,Transportation
/Travel & Transportation/Transportation/Chartered Transportation Rentals,Transportation
/Travel & Transportation/Transportation/Cruises & Charters,Transportation
/Travel & Transportation/Transportation/Long Distance Bus & Rail,Transportation
/Travel & Transportation/Transportation/Other,Transportation
/Travel & Transportation/Transportation/Parking/Airport Parking & Transportation,Transportation
/Travel & Transportation/Transportation/Parking/Other,Transportation
/Travel & Transportation/Transportation/Scooter & Bike Rentals,Transportation
/Travel & Transportation/Transportation/Taxi & Ride Hail Services,Transportation
/Travel & Transportation/Transportation/Traffic & Route Planners,Transportation
/Travel & Transportation/Transportation/Urban Transit,Transportation
/Travel & Transportation/Travel Agencies & Services/Guided Tours & Escorted Vacations,Transportation
/Travel & Transportation/Travel Agencies & Services/Sightseeing Tours,Transportation
/Travel & Transportation/Travel Agencies & Services/Vacation Offers,Transportation
/Travel & Transportation/Travel Agencies & Services/Other,Transportation
/Travel & Transportation/Travel Guides & Travelogues,Transportation